form,lemma
accompanied,accompany
acquitted,acquit
acquitting,acquit
addrest,address
admitted,admit
admitting,admit
alumni,alumnus
am,be
amnestied,amnesty
analyses,analysis
angrier,angry
angriest,angry
annulled,annul
annulling,annul
antennae,antenna
anthraces,anthrax
aortae,aorta
apices,apex
appendices,appendix
applied,apply
aquae,aqua
aquaria,aquarium
are,be
arisen,arise
arose,arise
artier,arty
artiest,arty
ate,eat
atria,atrium
atrophied,atrophy
auditoria,auditorium
aurae,aura
awoke,awake
awoken,awake
axes,axis
babied,baby
bade,bid
bagged,bag
baggier,baggy
baggiest,baggy
bagging,bag
balmier,balmy
balmiest,balmy
banditti,bandit
bani,ban
banjoes,banjo
banned,ban
banning,ban
barred,bar
barrelled,barrel
barrelling,barrel
barring,bar
bases,base
batted,bat
battier,batty
battiest,batty
batting,bat
bayonetted,bayonet
bayonetting,bayonet
beadier,beady
beadiest,beady
beastlier,beastly
beastliest,beastly
beaten,beat
became,become
bedded,bed
been,be
beeves,beef
befallen,befall
befell,befall
began,begin
begged,beg
begging,beg
begun,begin
beheld,behold
bellied,belly
benefitted,benefit
benefitting,benefit
bent,bend
besought,beseech
best,good
betted,bet
better,good
betting,bet
biassed,bias
biassing,bias
bicennaries,bicentennial
bidden,bid
bigger,big
biggest,big
bimboes,bimbo
binned,bin
binning,bin
bitchier,bitchy
bitchiest,bitchy
bitted,bit
bitten,bite
bittier,bitty
bittiest,bitty
bitting,bit
blabbed,blab
blabbing,blab
blackberried,blackberry
bled,bleed
blest,bless
blew,blow
blipped,blip
blipping,blip
blobbed,blob
blobbing,blob
bloodied,bloody
bloodier,bloody
bloodiest,bloody
bloodthirstier,bloodthirsty
bloodthirstiest,bloodthirsty
blotted,blot
blotting,blot
blowfishes,blowfish
blown,blow
bluer,blue
bluest,blue
blurred,blur
blurring,blur
bodied,body
bonier,bony
boniest,bony
bonnier,bonny
bonniest,bonny
bootlegged,bootleg
bootlegging,bootleg
bopped,bop
bopping,bop
bore,bear
borne,bear
bossier,bossy
bossiest,bossy
bought,buy
bouncier,bouncy
bounciest,bouncy
bragged,brag
bragging,brag
brainier,brainy
brainiest,brainy
bravadoes,bravado
bred,breed
breezier,breezy
breeziest,breezy
brimmed,brim
brimming,brim
broke,break
brought,bring
bubblier,bubbly
bubbliest,bubbly
buckoes,bucko
bugged,bug
buggier,buggy
buggiest,buggy
bugging,bug
built,build
bulkier,bulky
bulkiest,bulky
bulldogging,bulldog
bullied,bully
bullshitted,bullshit
bullshitting,bullshit
bummed,bum
bumming,bum
bumpier,bumpy
bumpiest,bumpy
bureaux,bureau
buried,bury
burnt,burn
bushelled,bushel
bushelling,bushel
bushier,bushy
bushiest,bushy
busied,busy
busier,busy
busiest,busy
busses,bus
bypast,bypass
cacti,cactus
caddied,caddie
caddies,caddie
caddying,caddie
cagier,cagey
cagiest,cagey
calculi,calculus
calves,calf
came,come
camerae,camera
canalled,canal
canalling,canal
cancelled,cancel
cancelling,cancel
candied,candy
canning,can
canopied,canopy
capped,cap
capping,cap
cargoes,cargo
carried,carry
catchier,catchy
catchiest,catchy
catfishes,catfish
catted,cat
catting,cat
caught,catch
cervices,cervix
channelled,channel
channelling,channel
chapped,chap
chapping,chap
chateaux,chateau
chatted,chat
chattier,chatty
chattiest,chatty
chatting,chat
cheekier,cheeky
cheekiest,cheeky
cheerier,cheery
cheeriest,cheery
cheesier,cheesy
cheesiest,cheesy
cherubim,cherub
chewier,chewy
chewiest,chewy
chillier,chilly
chilliest,chilly
chinned,chin
chinning,chin
chipped,chip
chipping,chip
chiselled,chisel
chiselling,chisel
chitchatted,chitchat
chitchatting,chitchat
choosier,choosy
choosiest,choosy
chopped,chop
chopping,chop
chose,choose
chosen,choose
chubbier,chubby
chubbiest,chubby
chugged,chug
chugging,chug
chummed,chum
chummier,chummy
chummiest,chummy
chumming,chum
chunkier,chunky
chunkiest,chunky
clad,clothe
clammed,clam
clammier,clammy
clammiest,clammy
clamming,clam
clapped,clap
clapping,clap
clarified,clarify
classier,classy
classiest,classy
clipped,clip
clogged,clog
clogging,clog
clotted,clot
clotting,clot
cloudier,cloudy
cloudiest,cloudy
clubbed,club
clubbing,club
clumsier,clumsy
clumsiest,clumsy
clung,cling
co-ordinate,coordinate
co-ordinated,coordinate
co-ordinates,coordinate
co-ordinating,coordinate
cockier,cocky
cockiest,cocky
codded,cod
codding,cod
codfishes,codfish
cogged,cog
cogging,cog
colones,colon
comae,coma
combatted,combat
combatting,combat
comfier,comfy
comfiest,comfy
commandoes,commando
committed,commit
committing,commit
compelled,compel
complied,comply
concerti,concerto
concurred,concur
concurring,concur
conferred,confer
conferring,confer
conned,con
conning,con
continua,continuum
controlled,control
copied,copy
copped,cop
copping,cop
cornier,corny
corniest,corny
corralled,corral
corralling,corral
cortices,cortex
costlier,costly
costliest,costly
counselled,counsel
counselling,counsel
cozier,cozy
coziest,cozy
crabbed,crab
crabbier,crabby
crabbiest,crabby
crabbing,crab
craftier,crafty
craftiest,crafty
crammed,cram
cramming,cram
crania,cranium
crankier,cranky
crankiest,cranky
crapped,crap
crapping,crap
crazier,crazy
craziest,crazy
creamier,creamy
creamiest,creamy
creepier,creepy
creepiest,creepy
crept,creep
crescendi,crescendo
cribbed,crib
cribbing,crib
cried,cry
crises,crisis
crispier,crispy
crispiest,crispy
cropped,crop
cropping,crop
crucified,crucify
crummier,crummy
crummiest,crummy
crustier,crusty
crustiest,crusty
crying,cry
cryings,cry
cubbed,cub
cubbing,cub
cupped,cup
cupping,cup
curricula,curriculum
curried,curry
curst,curse
curtsied,curtsy
cuter,cute
cutting,cut
dabbed,dab
dabbing,dab
daintier,dainty
daintiest,dainty
dammed,dam
damming,dam
dandier,dandy
dandiest,dandy
deadlier,deadly
deadliest,deadly
dealt,deal
deferred,defer
deferring,defer
defied,defy
denied,deny
denned,den
denning,den
desperadoes,desperado
deterred,deter
deterring,deter
devilled,devil
devilling,devil
diagnoses,diagnosis
diagrammed,diagram
diagramming,diagram
dialled,dial
dialling,dial
dialyses,dialysis
dibbed,dib
dibbing,dib
dicier,dicey
diciest,dicey
did,do
digging,dig
dimmed,dim
dimmer,dim
dimmest,dim
dimming,dim
dingier,dingy
dingiest,dingy
dingoes,dingo
dinkier,dinky
dinkiest,dinky
dipped,dip
dippier,dippy
dippiest,dippy
dipping,dip
dirtied,dirty
dirtier,dirty
dirtiest,dirty
disqualified,disqualify
divvied,divvy
dizzied,dizzy
dizzier,dizzy
dizziest,dizzy
dodgier,dodgy
dodgiest,dodgy
dodoes,dodo
dogged,dog
dogging,dog
dominoes,domino
done,do
dopier,dopey
dopiest,dopey
dottier,dotty
dottiest,dotty
dotting,dot
downier,downy
downiest,downy
drabbed,drab
drabber,drab
drabbest,drab
drabbing,drab
draftier,drafty
draftiest,drafty
dragged,drag
dragging,drag
drank,drink
drawn,draw
dreamier,dreamy
dreamiest,dreamy
dreamt,dream
drearier,dreary
dreariest,dreary
dressier,dressy
dressiest,dressy
drew,draw
dried,dry
drier,dry
driest,dry
dripped,drip
dripping,drip
drivelled,drivel
drivelling,drivel
driven,drive
dropped,drop
dropping,drop
drove,drive
drowsier,drowsy
drowsiest,drowsy
drugged,drug
drugging,drug
drummed,drum
drumming,drum
dryest,dry
dubbed,dub
dubbing,dub
duelled,duel
duelling,duel
dug,dig
dui,duo
dummied,dummy
duskier,dusky
duskiest,dusky
dustier,dusty
dustiest,dusty
dwarves,dwarf
dwelt,dwell
dying,die
earthier,earthy
earthiest,earthy
earthlier,earthly
earthliest,earthly
easied,easy
easier,easy
easiest,easy
eaten,eat
eavesdropped,eavesdrop
eavesdropping,eavesdrop
echoes,echo
edemata,edema
edgier,edgy
edgiest,edgy
eerier,eerie
eeriest,eerie
elves,elf
embargoes,embargo
emitted,emit
emitting,emit
emphases,emphasis
emporia,emporium
emptied,empty
emptier,empty
emptiest,empty
enamelled,enamel
enamelling,enamel
enemata,enema
enrolled,enroll
enrolling,enroll
envied,envy
equalled,equal
equalling,equal
equilibria,equilibrium
esophagi,esophagus
eucalypti,eucalyptus
excelled,excel
excelling,excel
expelled,expel
expelling,expel
fagged,fag
fagging,fag
fallen,fall
fancied,fancy
fancier,fancy
fanciest,fancy
fanned,fan
fanning,fan
fantasied,fantasy
fatsoes,fatso
fatted,fat
fatter,fat
fattest,fat
fattier,fatty
fattiest,fatty
fatting,fat
faultier,faulty
faultiest,faulty
faunae,fauna
fed,feed
feet,foot
feistier,feisty
feistiest,feisty
fell,fall
felt,feel
femora,femur
ferried,ferry
fiascoes,fiasco
fibbed,fib
fibbing,fib
figged,fig
figging,fig
filthier,filthy
filthiest,filthy
finned,fin
finning,fin
fishes,fish
fishier,fishy
fishiest,fishy
fitted,fit
fitter,fit
fittest,fit
fitting,fit
flabbier,flabby
flabbiest,flabby
flagged,flag
flagging,flag
flagstaves,flagstaff
flakier,flaky
flakiest,flaky
flamingoes,flamingo
flannelled,flannel
flannelling,flannel
flapped,flap
flapping,flap
flashier,flashy
flashiest,flashy
flatfeet,flatfoot
flatted,flat
flattest,flat
flatting,flat
fled,flee
fleshier,fleshy
fleshiest,fleshy
flew,fly
flightier,flighty
flightiest,flighty
flimsier,flimsy
flimsiest,flimsy
flipped,flip
flopped,flop
floppier,floppy
floppiest,floppy
flopping,flop
flown,fly
fluffier,fluffy
fluffiest,fluffy
flung,fling
flurried,flurry
foci,focus
fogged,fog
foggier,foggy
foggiest,foggy
fogging,fog
foolhardier,foolhardy
foolhardiest,foolhardy
fora,forum
forbad,forbid
forbade,forbid
forbidden,forbid
foresaw,foresee
foreseen,foresee
forewent,forego
forgave,forgive
forgetting,forget
forgiven,forgive
forgot,forget
forgotten,forget
formatted,format
formatting,format
formulae,formula
forsaken,forsake
forsook,forsake
fought,fight
found,find
foxier,foxy
foxiest,foxy
foxtrotted,foxtrot
foxtrotting,foxtrot
freakier,freaky
freakiest,freaky
freer,free
freest,free
frenzied,frenzy
fretted,fret
fretting,fret
friendlier,friendly
friendliest,friendly
friskier,frisky
friskiest,frisky
frogged,frog
frogging,frog
frolicked,frolic
frolicking,frolic
frostier,frosty
frostiest,frosty
froze,freeze
frozen,freeze
fruitier,fruity
fruitiest,fruity
fuelled,fuel
fuelling,fuel
fulfilled,fulfill
fulfilling,fulfill
fungi,fungus
funkier,funky
funkiest,funky
funned,fun
funnelled,funnel
funnelling,funnel
funnier,funny
funniest,funny
funning,fun
furred,fur
furrier,furry
furriest,furry
furring,fur
fussier,fussy
fussiest,fussy
fuzzier,fuzzy
fuzziest,fuzzy
gadded,gad
gadding,gad
gagged,gag
gagging,gag
gan,gin
gapped,gap
gapping,gap
gassed,gas
gasses,gas
gassier,gassy
gassiest,gassy
gassing,gas
gaudier,gaudy
gaudiest,gaudy
gave,give
gazeboes,gazebo
geese,goose
gelled,gel
gelling,gel
gemmed,gem
gemming,gem
genii,genius
getting,get
ghastlier,ghastly
ghastliest,ghastly
ghettoes,ghetto
ghostlier,ghostly
ghostliest,ghostly
giddied,giddy
giddier,giddy
giddiest,giddy
gigged,gig
gigging,gig
ginned,gin
ginning,gin
given,give
gladder,glad
gladdest,glad
gloomier,gloomy
gloomiest,gloomy
gloried,glory
glossier,glossy
glossiest,glossy
glummer,glum
glummest,glum
goes,go
goldfishes,goldfish
gone,go
goofier,goofy
goofiest,goofy
gooier,gooey
gooiest,gooey
gorier,gory
goriest,gory
got,get
gotten,get
grabbed,grab
grabbing,grab
grandchildren,grandchild
grassier,grassy
grassiest,grassy
gravelled,gravel
gravelling,gravel
graven,grave
greasier,greasy
greasiest,greasy
greedier,greedy
greediest,greedy
grew,grow
grimmer,grim
grimmest,grim
grinned,grin
grinning,grin
gripped,grip
gripping,grip
gript,grip
grislier,grisly
grisliest,grisly
gritted,grit
grittier,gritty
grittiest,gritty
gritting,grit
grizzlier,grizzly
grizzliest,grizzly
groggier,groggy
groggiest,groggy
groovier,groovy
grooviest,groovy
grottoes,grotto
grovelled,grovel
grovelling,grovel
grown,grow
grubbed,grub
grubbier,grubby
grubbiest,grubby
grubbing,grub
grumpier,grumpy
grumpiest,grumpy
guiltier,guilty
guiltiest,guilty
gullied,gully
gummed,gum
gummier,gummy
gummiest,gummy
gumming,gum
gunned,gun
gunning,gun
gutsier,gutsy
gutsiest,gutsy
gymnasia,gymnasium
hacksawn,hacksaw
had,have
hairier,hairy
hairiest,hairy
haloes,halo
halteres,halter
hammed,ham
hamming,ham
handicapping,handicap
handier,handy
handiest,handy
happier,happy
happiest,happy
has,have
hastier,hasty
hastiest,hasty
hatted,hat
hatting,hat
haughtier,haughty
haughtiest,haughty
hazier,hazy
haziest,hazy
headier,heady
headiest,heady
healthier,healthy
healthiest,healthy
heard,hear
heartier,hearty
heartiest,hearty
heavier,heavy
heaviest,heavy
heftier,hefty
heftiest,hefty
held,hold
helices,helix
hematomata,hematoma
hemmed,hem
hemming,hem
herniae,hernia
heroes,hero
hiccupped,hiccup
hiccupping,hiccup
hid,hide
hidden,hide
hipper,hip
hippest,hip
hippopotami,hippopotamus
hitting,hit
hoboes,hobo
hogged,hog
hogging,hog
holier,holy
holiest,holy
homelier,homely
homeliest,homely
homier,homey
homiest,homey
honied,honey
hooves,hoof
hopped,hop
hopping,hop
hornier,horny
horniest,horny
hotter,hot
hottest,hot
housewives,housewife
hove,heave
hovelled,hovel
hovelling,hovel
hugged,hug
hugging,hug
humbugged,humbug
humbugging,humbug
hung,hang
hungrier,hungry
hungriest,hungry
hurried,hurry
huskier,husky
huskiest,husky
hypnoses,hypnosis
hypothalami,hypothalamus
hypotheses,hypothesis
icier,icy
iciest,icy
identified,identify
implied,imply
incurred,incur
incurring,incur
inferred,infer
inferring,infer
initialled,initial
initialling,initial
innuendoes,innuendo
installed,install
installing,install
irides,iris
is,be
jabbed,jab
jabbing,jab
jammed,jam
jamming,jam
jarred,jar
jarring,jar
jazzier,jazzy
jazziest,jazzy
jellied,jelly
jellyfishes,jellyfish
jerkier,jerky
jerkiest,jerky
jetted,jet
jetting,jet
jewelled,jewel
jewelling,jewel
jibbed,jib
jibbing,jib
jigged,jig
jigging,jig
jobbed,job
jobbing,job
jogged,jog
jogging,jog
jollied,jolly
jollier,jolly
jolliest,jolly
jotted,jot
jotting,jot
jugged,jug
jugging,jug
juicier,juicy
juiciest,juicy
jumpier,jumpy
jumpiest,jumpy
justified,justify
kennelled,kennel
kennelling,kennel
kept,keep
kernelled,kernel
kernelling,kernel
kidded,kid
kidding,kid
kidnapped,kidnap
kinkier,kinky
kinkiest,kinky
kneecapped,kneecap
kneecapping,kneecap
knelt,kneel
knew,know
knitted,knit
knitting,knit
knives,knife
knobbed,knob
knobbing,knob
knotted,knot
knotting,knot
known,know
kookier,kooky
kookiest,kooky
labelled,label
labelling,label
lagged,lag
lagging,lag
laid,lay
lain,lie
lankier,lanky
lankiest,lanky
lapped,lap
lapping,lap
larynges,larynx
lassoes,lasso
latices,latex
lazier,lazy
laziest,lazy
leafier,leafy
leafiest,leafy
leakier,leaky
leakiest,leaky
leant,lean
leapt,leap
learnt,learn
leaves,leaf
led,lead
left,leave
lengthier,lengthy
lengthiest,lengthy
lent,lend
letting,let
levelled,level
levelling,level
libelled,libel
libelling,libel
lingoes,lingo
lipped,lip
lipping,lip
lire,lira
lit,light
livelier,lively
liveliest,lively
lives,life
loaves,loaf
lobbied,lobby
loftier,lofty
loftiest,lofty
logged,log
logging,log
lonelier,lonely
loneliest,lonely
loonier,loony
looniest,loony
loopier,loopy
loopiest,loopy
lopped,lop
lopping,lop
lousier,lousy
lousiest,lousy
lovelier,lovely
loveliest,lovely
lowlier,lowly
lowliest,lowly
luckier,lucky
luckiest,lucky
lugged,lug
lugging,lug
lullabied,lullaby
lumpier,lumpy
lumpiest,lumpy
lures,lure
lustier,lusty
lustiest,lusty
lying,lie
lymphomata,lymphoma
macaronies,macaroni
madded,mad
madder,mad
maddest,mad
madding,mad
made,make
maestri,maestro
magnified,magnify
mangier,mangy
mangiest,mangy
mangoes,mango
manifestoes,manifesto
manlier,manly
manliest,manly
manning,man
mantes,mantis
mapped,map
mapping,map
marred,mar
married,marry
marring,mar
marshalled,marshal
marshalling,marshal
marvelled,marvel
marvelling,marvel
matrices,matrix
matted,mat
matting,mat
mausolea,mausoleum
maxima,maximum
meant,mean
medalled,medal
medalling,medal
media,medium
mementoes,memento
memoranda,memorandum
men,man
merrier,merry
merriest,merry
mesdemoiselles,mademoiselle
messier,messy
messiest,messy
messieurs,monsieur
met,meet
metalled,metal
metalling,metal
metamorphoses,metamorphosis
mice,mouse
midwives,midwife
might,may
mightier,mighty
mightiest,mighty
milkier,milky
milkiest,milky
millennia,millennium
mimicked,mimic
mimicking,mimic
minima,minimum
misfitted,misfit
misfitting,misfit
misled,mislead
mistaken,mistake
mistier,misty
mistiest,misty
mistook,mistake
misunderstood,misunderstand
mitzvoth,mitzvah
mobbed,mob
mobbing,mob
modelled,model
modelling,model
modified,modify
moldier,moldy
moldiest,moldy
momenta,momentum
moodier,moody
moodiest,moody
mopped,mop
mopping,mop
mosquitoes,mosquito
mottoes,motto
mousier,mousy
mousiest,mousy
mown,mow
mudded,mud
muddied,muddy
muddier,muddy
muddiest,muddy
mudding,mud
mugged,mug
mugging,mug
multiplied,multiply
mummed,mum
mumming,mum
murkier,murky
murkiest,murky
mushier,mushy
mushiest,mushy
mustier,musty
mustiest,musty
mutinied,mutiny
nabbed,nab
nabbing,nab
nagged,nag
nagging,nag
napped,nap
nappier,nappy
nappiest,nappy
napping,nap
nastier,nasty
nastiest,nasty
naughtier,naughty
naughtiest,naughty
nautili,nautilus
nebulae,nebula
needier,needy
neediest,needy
negroes,negro
nemeses,nemesis
netted,net
netting,net
neuroses,neurosis
nickelled,nickel
nickelling,nickel
niftier,nifty
niftiest,nifty
nipped,nip
nippier,nippy
nippiest,nippy
nipping,nip
nodded,nod
nodding,nod
noisier,noisy
noisiest,noisy
nosier,nosy
nosiest,nosy
notified,notify
nuclei,nucleus
nutted,nut
nuttier,nutty
nuttiest,nutty
nutting,nut
oases,oasis
occupied,occupy
occurred,occur
occurring,occur
octopi,octopus
oedemata,edema
oesophagi,esophagus
offsetting,offset
oilier,oily
oiliest,oily
optima,optimum
outbidden,outbid
outbidding,outbid
outdid,outdo
outdone,outdo
outfitted,outfit
outfitting,outfit
outgrew,outgrow
outgrown,outgrow
outputted,output
outputting,output
outran,outrun
outrunning,outrun
outwitted,outwit
outwitting,outwit
overcame,overcome
overdid,overdo
overdone,overdo
overdriven,overdrive
overdrove,overdrive
overflown,overflow
overheard,overhear
overlaid,overlay
overlapped,overlap
overpast,overpass
overran,overrun
overridden,override
overrode,override
overrunning,overrun
oversaw,oversee
overseen,oversee
overtaken,overtake
overthrew,overthrow
overthrown,overthrow
overtook,overtake
oxen,ox
pacified,pacify
paid,pay
palled,pal
palling,pal
panelled,panel
panelling,panel
panicked,panic
panicking,panic
panned,pan
panning,pan
parallelled,parallel
parallelling,parallel
paralyses,paralysis
parcelled,parcel
parcelling,parcel
parodied,parody
partaken,partake
partook,partake
pastier,pasty
pastiest,pasty
patrolled,patrol
patrolling,patrol
peachier,peachy
peachiest,peachy
pearlier,pearly
pearliest,pearly
pease,pea
pedalled,pedal
pedalling,pedal
pelves,pelvis
pence,penny
pencilled,pencil
pencilling,pencil
penes,penis
penned,pen
penning,pen
pent,pen
pepped,pep
peppier,peppy
peppiest,peppy
pepping,pep
perkier,perky
perkiest,perky
permitted,permit
permitting,permit
personae,persona
peskier,pesky
peskiest,pesky
petted,pet
pettier,petty
pettiest,petty
petting,pet
phenomena,phenomenon
phonier,phony
phoniest,phony
pickier,picky
pickiest,picky
picnicked,picnic
picnicking,picnic
pigged,pig
piggier,piggy
piggiest,piggy
pigging,pig
pinned,pin
pinning,pin
pistolled,pistol
pistolling,pistol
pithier,pithy
pithiest,pithy
pitied,pity
pitted,pit
pitting,pit
placeboes,placebo
placentae,placenta
planetaria,planetarium
planned,plan
planning,plan
plateaux,plateau
pled,plead
plopped,plop
plopping,plop
plotted,plot
plotting,plot
pluckier,plucky
pluckiest,plucky
plugged,plug
plugging,plug
podded,pod
podding,pod
podia,podium
popped,pop
popping,pop
porkier,porky
porkiest,porky
pottier,potty
pottiest,potty
potting,pot
preferred,prefer
preferring,prefer
prettied,pretty
prettier,pretty
prettiest,pretty
pricklier,prickly
prickliest,prickly
pried,pry
prigged,prig
prigging,prig
prissier,prissy
prissiest,prissy
privier,privy
priviest,privy
prodded,prod
prodding,prod
prognoses,prognosis
programmed,program
programmes,program
prologed,prologue
prologing,prologue
prologs,prologue
propped,prop
propping,prop
proven,prove
psychoses,psychosis
pubbed,pub
pubbing,pub
pudgier,pudgy
pudgiest,pudgy
puffier,puffy
puffiest,puffy
pugged,pug
pugging,pug
punchier,punchy
punchiest,punchy
punier,puny
puniest,puny
punned,pun
punning,pun
pupped,pup
pupping,pup
purified,purify
pushier,pushy
pushiest,pushy
pussier,pussy
pussiest,pussy
puttied,putty
putting,put
qualified,qualify
quanta,quantum
quarrelled,quarrel
quarrelling,quarrel
quarried,quarry
queasier,queasy
queasiest,queasy
queried,query
quitted,quit
quitting,quit
quizzed,quiz
quizzes,quiz
quizzing,quiz
racier,racy
raciest,racy
radii,radius
ragging,rag
rainier,rainy
rainiest,rainy
rallied,rally
rammed,ram
ramming,ram
ran,run
rang,ring
rapped,rap
rapping,rap
ratted,rat
rattier,ratty
rattiest,ratty
ratting,rat
readier,ready
readiest,ready
reales,real
rebelled,rebel
rebelling,rebel
rebuilt,rebuild
recapped,recap
recapping,recap
recta,rectum
rectified,rectify
redded,red
redder,red
reddest,red
redding,red
redid,redo
redone,redo
referred,refer
referring,refer
refuelled,refuel
refuelling,refuel
regretted,regret
regretting,regret
reis,real
relied,rely
remade,remake
remarried,remarry
repaid,repay
repelled,repel
repelling,repel
replied,reply
reran,rerun
rerunning,rerun
resetting,reset
retaken,retake
rethought,rethink
retinae,retina
retook,retake
revelled,revel
revelling,revel
revved,rev
revving,rev
rewound,rewind
rewritten,rewrite
rewrote,rewrite
ribbed,rib
ribbing,rib
ricochetted,ricochet
ricochetting,ricochet
ridded,rid
ridden,ride
ridding,rid
rigged,rig
rigging,rig
rimmed,rim
rimming,rim
ripped,rip
ripping,rip
risen,rise
riskier,risky
riskiest,risky
rivalled,rival
rivalling,rival
robbed,rob
robbing,rob
rode,ride
roomier,roomy
roomiest,roomy
rotted,rot
rotting,rot
rowdier,rowdy
rowdiest,rowdy
rubbed,rub
rubbing,rub
ruddier,ruddy
ruddiest,ruddy
rung,ring
runnier,runny
runniest,runny
rustier,rusty
rustiest,rusty
rutted,rut
rutting,rut
sadder,sad
saddest,sad
sagged,sag
sagging,sag
said,say
salaried,salary
salmonellae,salmonella
saltier,salty
saltiest,salty
sancta,sanctum
sang,sing
sanitaria,sanitarium
sank,sink
sapped,sap
sappier,sappy
sappiest,sappy
sapping,sap
sarcophagi,sarcophagus
sassier,sassy
sassiest,sassy
sat,sit
saucier,saucy
sauciest,saucy
savvied,savvy
savvier,savvy
savviest,savvy
sawn,saw
scanned,scan
scanning,scan
scarier,scary
scariest,scary
scarred,scar
scarring,scar
scarves,scarf
scatted,scat
scatting,scat
scrammed,scram
scramming,scram
scrapped,scrap
scrappier,scrappy
scrappiest,scrappy
scrapping,scrap
scrawnier,scrawny
scrawniest,scrawny
screwier,screwy
screwiest,screwy
scrota,scrotum
scrubbed,scrub
scrubbing,scrub
scruffier,scruffy
scruffiest,scruffy
scummed,scum
scumming,scum
scurried,scurry
scurvier,scurvy
scurviest,scurvy
seedier,seedy
seediest,seedy
seen,see
selves,self
senores,senor
sent,send
sera,serum
setting,set
sewn,sew
sexier,sexy
sexiest,sexy
shabbier,shabby
shabbiest,shabby
shadier,shady
shadiest,shady
shagged,shag
shagging,shag
shaken,shake
shakier,shaky
shakiest,shaky
shammed,sham
shamming,sham
shat,shit
shaven,shave
shedding,shed
shellfishes,shellfish
shelves,shelf
shied,shy
shier,shy
shiest,shy
shiftier,shifty
shiftiest,shifty
shimmied,shimmy
shinier,shiny
shiniest,shiny
shinned,shin
shinning,shin
shipped,ship
shitted,shit
shitting,shit
shod,shoe
shoddier,shoddy
shoddiest,shoddy
shone,shine
shook,shake
shopped,shop
shopping,shop
shotgunned,shotgun
shotgunning,shotgun
shotted,shot
shotting,shot
shovelled,shovel
shovelling,shovel
shown,show
shrank,shrink
shredded,shred
shredding,shred
shrivelled,shrivel
shrivelling,shrivel
shrugged,shrug
shrugging,shrug
shrunk,shrink
shunned,shun
shunning,shun
shutting,shut
shyer,shy
shyest,shy
sicklier,sickly
sickliest,sickly
signalled,signal
signalling,signal
signified,signify
silkier,silky
silkiest,silky
sillier,silly
silliest,silly
simplified,simplify
singing,sing
sinned,sin
sinning,sin
sipped,sip
sipping,sip
sitting,sit
sketchier,sketchy
sketchiest,sketchy
ski'd,ski
skidded,skid
skidding,skid
skimmed,skim
skimming,skim
skimpier,skimpy
skimpiest,skimpy
skinned,skin
skinnier,skinny
skinniest,skinny
skinning,skin
skipped,skip
skipping,skip
slabbed,slab
slabbing,slab
slagged,slag
slagging,slag
slain,slay
slammed,slam
slamming,slam
slapped,slap
slapping,slap
sleazier,sleazy
sleaziest,sleazy
sledding,sled
sleepier,sleepy
sleepiest,sleepy
slept,sleep
slew,slay
slid,slide
slidden,slide
slier,sly
sliest,sly
slimier,slimy
slimiest,slimy
slimmer,slim
slimmest,slim
slinkier,slinky
slinkiest,slinky
slipped,slip
slipping,slip
slitting,slit
slopped,slop
sloppier,sloppy
sloppiest,sloppy
slopping,slop
slotted,slot
slotting,slot
slugged,slug
slugging,slug
slummed,slum
slumming,slum
slung,sling
slurred,slur
slurring,slur
slyer,sly
slyest,sly
smellier,smelly
smelliest,smelly
smelt,smell
smit,smite
smitten,smite
smokier,smoky
smokiest,smoky
smote,smite
smugger,smug
smuggest,smug
smutted,smut
smutting,smut
snagged,snag
snagging,snag
snapped,snap
snappier,snappy
snappiest,snappy
snapping,snap
snazzier,snazzy
snazziest,snazzy
snipped,snip
snipping,snip
snootier,snooty
snootiest,snooty
snottier,snotty
snottiest,snotty
snowier,snowy
snowiest,snowy
snubbed,snub
snubbing,snub
snuck,sneak
snugged,snug
snugger,snug
snuggest,snug
snugging,snug
soapier,soapy
soapiest,soapy
sobbed,sob
sobbing,sob
sodded,sod
sodding,sod
soggier,soggy
soggiest,soggy
solaria,solarium
sold,sell
soles,sole
soli,solo
soprani,soprano
sorrier,sorry
sorriest,sorry
sought,seek
sown,sow
spanned,span
spanning,span
sparred,spar
sparring,spar
spat,spit
specified,specify
spectra,spectrum
sped,speed
speedier,speedy
speediest,speedy
spelt,spell
spent,spend
sphinges,sphinx
spicier,spicy
spiciest,spicy
spied,spy
spiffier,spiffy
spiffiest,spiffy
spilt,spill
spinning,spin
spiralled,spiral
spiralling,spiral
spitted,spit
spitting,spit
splitting,split
spoilt,spoil
spoke,speak
spoken,speak
spookier,spooky
spookiest,spooky
sportier,sporty
sportiest,sporty
spotlit,spotlight
spotted,spot
spottier,spotty
spottiest,spotty
spotting,spot
sprang,spring
sprung,spring
spudded,spud
spudding,spud
spun,spin
spurred,spur
spurring,spur
squashes,squash
squatted,squat
squatter,squat
squattest,squat
squatting,squat
squidded,squid
squidding,squid
stabbed,stab
stabbing,stab
stadia,stadium
stank,stink
starfishes,starfish
starred,star
starrier,starry
starriest,starry
starring,star
statelier,stately
stateliest,stately
steadied,steady
steadier,steady
steadiest,steady
steamier,steamy
steamiest,steamy
stemmed,stem
stemming,stem
stepped,step
stepping,step
sterna,sternum
stigmata,stigma
stimuli,stimulus
stingier,stingy
stingiest,stingy
stirred,stir
stirring,stir
stole,steal
stolen,steal
stonier,stony
stoniest,stony
stood,stand
stopped,stop
stopping,stop
storied,story
stormier,stormy
stormiest,stormy
strapped,strap
stridden,stride
stringier,stringy
stringiest,stringy
stripped,strip
stripping,strip
striven,strive
strode,stride
stronger,strong
strongest,strong
strove,strive
struck,strike
strung,string
strutted,strut
strutting,strut
stubbed,stub
stubbing,stub
stuck,stick
studded,stud
studding,stud
studied,study
stuffier,stuffy
stuffiest,stuffy
stung,sting
stunk,stink
stunned,stun
sturdier,sturdy
sturdiest,sturdy
subbed,sub
subbing,sub
subletting,sublet
submitted,submit
submitting,submit
succubi,succubus
sullied,sully
summed,sum
summing,sum
sung,sing
sunk,sink
sunned,sun
sunnier,sunny
sunniest,sunny
sunning,sun
superheroes,superhero
supernovae,supernova
supped,sup
supping,sup
supplied,supply
surlier,surly
surliest,surly
swabbed,swab
swabbing,swab
swagged,swag
swagging,swag
swam,swim
swamies,swami
swapped,swap
swapping,swap
swatted,swat
swatting,swat
sweatier,sweaty
sweatiest,sweaty
swept,sweep
swigged,swig
swigging,swig
swivelled,swivel
swivelling,swivel
swollen,swell
swopped,swap
swopping,swap
swops,swap
swordfishes,swordfish
swore,swear
sworn,swear
swum,swim
swung,swing
syllabi,syllabus
symbolled,symbol
symbolling,symbol
symposia,symposium
tabbed,tab
tabbing,tab
tackier,tacky
tackiest,tacky
tagged,tag
tagging,tag
taken,take
tallied,tally
tanned,tan
tanner,tan
tannest,tan
tanning,tan
tapped,tap
tapping,tap
tarantulae,tarantula
tardier,tardy
tardiest,tardy
tarred,tar
tarried,tarry
tarring,tar
tasselled,tassel
tasselling,tassel
tastier,tasty
tastiest,tasty
taught,teach
tawdrier,tawdry
tawdriest,tawdry
taxes,tax
taxies,taxi
taxying,taxi
teenier,teeny
teeniest,teeny
tempi,tempo
tenderfeet,tenderfoot
testier,testy
testiest,testy
testified,testify
theses,thesis
thieves,thief
thinned,thin
thinner,thin
thinnest,thin
thinning,thin
thirstier,thirsty
thirstiest,thirsty
thornier,thorny
thorniest,thorny
threw,throw
thriven,thrive
throve,thrive
thrown,throw
thudded,thud
thudding,thud
tibiae,tibia
tidied,tidy
tidier,tidy
tidiest,tidy
timelier,timely
timeliest,timely
tinier,tiny
tiniest,tiny
tinned,tin
tinning,tin
tinselled,tinsel
tinselling,tinsel
tipped,tip
tipping,tip
tipsier,tipsy
tipsiest,tipsy
tobaccoes,tobacco
told,tell
took,take
topped,top
topping,top
tore,tear
torn,tear
tornadoes,tornado
torpedoes,torpedo
torsi,torso
totalled,total
totalling,total
totted,tot
totting,tot
touchier,touchy
touchiest,touchy
towelled,towel
towelling,towel
tracheae,trachea
trafficked,traffic
trammed,tram
tramming,tram
transferred,transfer
transferring,transfer
transmitted,transmit
transmitting,transmit
trapped,trap
trapping,trap
trashier,trashy
trashiest,trashy
traumata,trauma
travelled,travel
travelling,travel
travestied,travesty
trendier,trendy
trendiest,trendy
trickier,tricky
trickiest,tricky
tried,try
trigged,trig
trigging,trig
trimmed,trim
trimmer,trim
trimmest,trim
trimming,trim
tripped,trip
tripping,trip
trod,tread
trodden,tread
trotted,trot
trotting,trot
truer,true
truest,true
trustier,trusty
trustiest,trusty
tubae,tuba
tubbier,tubby
tubbiest,tubby
tugged,tug
tugging,tug
tunnelled,tunnel
tunnelling,tunnel
turves,turf
twigged,twig
twigging,twig
twinned,twin
twinning,twin
twitted,twit
twitting,twit
tying,tie
uglier,ugly
ugliest,ugly
ultimata,ultimatum
undergone,undergo
underlaid,underlay
understood,understand
understudied,understudy
undertaken,undertake
undertook,undertake
underwent,undergo
undid,undo
undone,undo
unfitted,unfit
unfitting,unfit
unfriendlier,unfriendly
unfriendliest,unfriendly
unfroze,unfreeze
unfrozen,unfreeze
ungodlier,ungodly
ungodliest,ungodly
unhappier,unhappy
unhappiest,unhappy
unhealthier,unhealthy
unhealthiest,unhealthy
unholier,unholy
unholiest,unholy
unplugging,unplug
unravelled,unravel
unravelling,unravel
unrulier,unruly
unruliest,unruly
untidied,untidy
untidier,untidy
untidiest,untidy
untying,untie
unwound,unwind
unwrapped,unwrap
unwrapping,unwrap
unzipped,unzip
unzipping,unzip
upheld,uphold
uppercutting,uppercut
upsetting,upset
uteri,uterus
vacua,vacuum
vaginae,vagina
varied,vary
vatted,vat
vatting,vat
verified,verify
vertebrae,vertebra
vertigines,vertigo
vertigoes,vertigo
vetoes,veto
vetted,vet
vetting,vet
virtuosi,virtuoso
volcanoes,volcano
vortices,vortex
wackier,wacky
wackiest,wacky
wadded,wad
wadding,wad
wagged,wag
wagging,wag
warier,wary
wariest,wary
warred,war
warring,war
was,be
wavier,wavy
waviest,wavy
wealthier,wealthy
wealthiest,wealthy
wearied,weary
wearier,weary
weariest,weary
webbed,web
webbing,web
weepier,weepy
weepiest,weepy
went,go
wept,weep
were,be
werewolves,werewolf
wetted,wet
wetter,wet
wettest,wet
wetting,wet
wharves,wharf
whimsier,whimsy
whimsiest,whimsy
whipped,whip
whipping,whip
whitefishes,whitefish
whizzed,whiz
whizzes,whiz
whizzing,whiz
wigged,wig
wigging,wig
wildcatted,wildcat
wildcatting,wildcat
wilier,wily
wiliest,wily
windier,windy
windiest,windy
winning,win
withdrawn,withdraw
withdrew,withdraw
withheld,withhold
withstood,withstand
wittier,witty
wittiest,witty
wives,wife
woke,wake
woken,wake
wolves,wolf
won,win
woozier,woozy
wooziest,woozy
wore,wear
worldlier,worldly
worldliest,worldly
worn,wear
worse,bad
worshipped,worship
worshipping,worship
worst,bad
worthier,worthy
worthiest,worthy
wove,weave
woven,weave
wrapped,wrap
wrapping,wrap
written,write
wrote,write
wrought,work
wrung,wring
yakked,yak
yakking,yak
yapped,yap
yapping,yap
yenned,yen
yenning,yen
yodelled,yodel
yodelling,yodel
younger,young
youngest,young
yummier,yummy
yummiest,yummy
zapped,zap
zapping,zap
zigzagged,zigzag
zigzagging,zigzag
zipped,zip
zipping,zip
